"plate_well_sub","keep_trace"
"20240925A_B02_r04c04",1
"20240925A_B02_r04c06",1
"20240925A_B02_r05c05",1
"20240925A_B02_r06c04",1
"20240925A_B02_r06c06",1
"20240925A_B03_r04c04",1
"20240925A_B03_r04c06",1
"20240925A_B03_r05c05",1
"20240925A_B03_r06c04",1
"20240925A_B03_r06c06",1
"20240925A_B04_r04c04",1
"20240925A_B04_r04c06",1
"20240925A_B04_r05c05",1
"20240925A_B04_r06c04",1
"20240925A_B04_r06c06",1
"20240925A_B05_r04c04",1
"20240925A_B05_r04c06",1
"20240925A_B05_r05c05",1
"20240925A_B05_r06c04",2
"20240925A_B05_r06c06",2
"20240925A_B06_r04c04",1
"20240925A_B06_r04c06",1
"20240925A_B06_r05c05",1
"20240925A_B06_r06c04",1
"20240925A_B06_r06c06",1
"20240925A_B07_r04c04",1
"20240925A_B07_r04c06",1
"20240925A_B07_r05c05",1
"20240925A_B07_r06c04",1
"20240925A_B07_r06c06",1
"20240925A_B08_r04c04",1
"20240925A_B08_r04c06",1
"20240925A_B08_r05c05",1
"20240925A_B08_r06c04",1
"20240925A_B08_r06c06",1
"20240925A_B09_r04c04",1
"20240925A_B09_r04c06",1
"20240925A_B09_r05c05",2
"20240925A_B09_r06c04",1
"20240925A_B09_r06c06",1
"20240925A_B10_r04c04",1
"20240925A_B10_r04c06",1
"20240925A_B10_r05c05",1
"20240925A_B10_r06c04",1
"20240925A_B10_r06c06",1
"20240925A_B11_r04c04",1
"20240925A_B11_r04c06",1
"20240925A_B11_r05c05",1
"20240925A_B11_r06c04",1
"20240925A_B11_r06c06",1
"20240925A_C02_r04c04",1
"20240925A_C02_r04c06",1
"20240925A_C02_r05c05",1
"20240925A_C02_r06c04",1
"20240925A_C02_r06c06",1
"20240925A_C03_r04c04",1
"20240925A_C03_r04c06",1
"20240925A_C03_r05c05",1
"20240925A_C03_r06c04",1
"20240925A_C03_r06c06",1
"20240925A_C04_r04c04",1
"20240925A_C04_r04c06",1
"20240925A_C04_r05c05",1
"20240925A_C04_r06c04",1
"20240925A_C04_r06c06",1
"20240925A_C05_r04c04",1
"20240925A_C05_r04c06",1
"20240925A_C05_r05c05",1
"20240925A_C05_r06c04",1
"20240925A_C05_r06c06",1
"20240925A_C06_r04c04",1
"20240925A_C06_r04c06",1
"20240925A_C06_r05c05",1
"20240925A_C06_r06c04",1
"20240925A_C06_r06c06",1
"20240925A_C07_r04c04",1
"20240925A_C07_r04c06",1
"20240925A_C07_r05c05",1
"20240925A_C07_r06c04",1
"20240925A_C07_r06c06",1
"20240925A_C08_r04c04",1
"20240925A_C08_r04c06",1
"20240925A_C08_r05c05",1
"20240925A_C08_r06c04",1
"20240925A_C08_r06c06",1
"20240925A_C09_r04c04",1
"20240925A_C09_r04c06",1
"20240925A_C09_r05c05",1
"20240925A_C09_r06c04",1
"20240925A_C09_r06c06",1
"20240925A_C10_r04c04",2
"20240925A_C10_r04c06",2
"20240925A_C10_r05c05",2
"20240925A_C10_r06c04",2
"20240925A_C10_r06c06",2
"20240925A_C11_r04c04",1
"20240925A_C11_r04c06",1
"20240925A_C11_r05c05",1
"20240925A_C11_r06c04",1
"20240925A_C11_r06c06",1
"20240925A_D02_r04c04",1
"20240925A_D02_r04c06",1
"20240925A_D02_r05c05",1
"20240925A_D02_r06c04",1
"20240925A_D02_r06c06",1
"20240925A_D03_r04c04",1
"20240925A_D03_r04c06",1
"20240925A_D03_r05c05",1
"20240925A_D03_r06c04",1
"20240925A_D03_r06c06",1
"20240925A_D04_r04c04",1
"20240925A_D04_r04c06",1
"20240925A_D04_r05c05",1
"20240925A_D04_r06c04",1
"20240925A_D04_r06c06",1
"20240925A_D05_r04c04",1
"20240925A_D05_r04c06",1
"20240925A_D05_r05c05",1
"20240925A_D05_r06c04",1
"20240925A_D05_r06c06",1
"20240925A_D06_r04c04",1
"20240925A_D06_r04c06",1
"20240925A_D06_r05c05",1
"20240925A_D06_r06c04",1
"20240925A_D06_r06c06",1
"20240925A_D07_r04c04",1
"20240925A_D07_r04c06",1
"20240925A_D07_r05c05",1
"20240925A_D07_r06c04",1
"20240925A_D07_r06c06",1
"20240925A_D08_r04c04",1
"20240925A_D08_r04c06",1
"20240925A_D08_r05c05",1
"20240925A_D08_r06c04",1
"20240925A_D08_r06c06",1
"20240925A_D09_r04c04",1
"20240925A_D09_r04c06",1
"20240925A_D09_r05c05",1
"20240925A_D09_r06c04",1
"20240925A_D09_r06c06",1
"20240925A_D10_r04c04",2
"20240925A_D10_r04c06",2
"20240925A_D10_r05c05",2
"20240925A_D10_r06c04",2
"20240925A_D10_r06c06",2
"20240925A_D11_r04c04",1
"20240925A_D11_r04c06",1
"20240925A_D11_r05c05",1
"20240925A_D11_r06c04",1
"20240925A_D11_r06c06",1
"20240925A_E02_r04c04",1
"20240925A_E02_r04c06",1
"20240925A_E02_r05c05",1
"20240925A_E02_r06c04",1
"20240925A_E02_r06c06",1
"20240925A_E03_r04c04",1
"20240925A_E03_r04c06",1
"20240925A_E03_r05c05",1
"20240925A_E03_r06c04",1
"20240925A_E03_r06c06",2
"20240925A_E04_r04c04",1
"20240925A_E04_r04c06",1
"20240925A_E04_r05c05",1
"20240925A_E04_r06c04",1
"20240925A_E04_r06c06",1
"20240925A_E05_r04c04",1
"20240925A_E05_r04c06",1
"20240925A_E05_r05c05",1
"20240925A_E05_r06c04",1
"20240925A_E05_r06c06",1
"20240925A_E06_r04c04",1
"20240925A_E06_r04c06",1
"20240925A_E06_r05c05",1
"20240925A_E06_r06c04",1
"20240925A_E06_r06c06",1
"20240925A_E07_r04c04",1
"20240925A_E07_r04c06",1
"20240925A_E07_r05c05",1
"20240925A_E07_r06c04",1
"20240925A_E07_r06c06",1
"20240925A_E08_r04c04",1
"20240925A_E08_r04c06",1
"20240925A_E08_r05c05",1
"20240925A_E08_r06c04",1
"20240925A_E08_r06c06",1
"20240925A_E09_r04c04",1
"20240925A_E09_r04c06",1
"20240925A_E09_r05c05",1
"20240925A_E09_r06c04",1
"20240925A_E09_r06c06",1
"20240925A_E10_r04c04",1
"20240925A_E10_r04c06",2
"20240925A_E10_r05c05",1
"20240925A_E10_r06c04",2
"20240925A_E10_r06c06",2
"20240925A_E11_r04c04",1
"20240925A_E11_r04c06",1
"20240925A_E11_r05c05",1
"20240925A_E11_r06c04",1
"20240925A_E11_r06c06",1
"20240925A_F02_r04c04",1
"20240925A_F02_r04c06",1
"20240925A_F02_r05c05",1
"20240925A_F02_r06c04",1
"20240925A_F02_r06c06",1
"20240925A_F03_r04c04",1
"20240925A_F03_r04c06",1
"20240925A_F03_r05c05",1
"20240925A_F03_r06c04",1
"20240925A_F03_r06c06",2
"20240925A_F04_r04c04",1
"20240925A_F04_r04c06",1
"20240925A_F04_r05c05",1
"20240925A_F04_r06c04",1
"20240925A_F04_r06c06",1
"20240925A_F05_r04c04",1
"20240925A_F05_r04c06",1
"20240925A_F05_r05c05",1
"20240925A_F05_r06c04",1
"20240925A_F05_r06c06",1
"20240925A_F06_r04c04",1
"20240925A_F06_r04c06",1
"20240925A_F06_r05c05",1
"20240925A_F06_r06c04",1
"20240925A_F06_r06c06",1
"20240925A_F07_r04c04",1
"20240925A_F07_r04c06",1
"20240925A_F07_r05c05",1
"20240925A_F07_r06c04",1
"20240925A_F07_r06c06",1
"20240925A_F08_r04c04",1
"20240925A_F08_r04c06",1
"20240925A_F08_r05c05",1
"20240925A_F08_r06c04",1
"20240925A_F08_r06c06",1
"20240925A_F09_r04c04",1
"20240925A_F09_r04c06",1
"20240925A_F09_r05c05",1
"20240925A_F09_r06c04",1
"20240925A_F09_r06c06",1
"20240925A_F10_r04c04",1
"20240925A_F10_r04c06",2
"20240925A_F10_r05c05",1
"20240925A_F10_r06c04",2
"20240925A_F10_r06c06",2
"20240925A_F11_r04c04",1
"20240925A_F11_r04c06",1
"20240925A_F11_r05c05",1
"20240925A_F11_r06c04",1
"20240925A_F11_r06c06",1
"20240925A_G02_r04c04",1
"20240925A_G02_r04c06",0
"20240925A_G02_r05c05",0
"20240925A_G02_r06c04",1
"20240925A_G02_r06c06",0
"20240925A_G03_r04c04",2
"20240925A_G03_r04c06",2
"20240925A_G03_r05c05",1
"20240925A_G03_r06c04",1
"20240925A_G03_r06c06",1
"20240925A_G04_r04c04",1
"20240925A_G04_r04c06",1
"20240925A_G04_r05c05",1
"20240925A_G04_r06c04",1
"20240925A_G04_r06c06",1
"20240925A_G05_r04c04",1
"20240925A_G05_r04c06",1
"20240925A_G05_r05c05",1
"20240925A_G05_r06c04",1
"20240925A_G05_r06c06",1
"20240925A_G06_r04c04",1
"20240925A_G06_r04c06",1
"20240925A_G06_r05c05",1
"20240925A_G06_r06c04",1
"20240925A_G06_r06c06",1
"20240925A_G07_r04c04",1
"20240925A_G07_r04c06",1
"20240925A_G07_r05c05",1
"20240925A_G07_r06c04",1
"20240925A_G07_r06c06",1
"20240925A_G08_r04c04",1
"20240925A_G08_r04c06",1
"20240925A_G08_r05c05",1
"20240925A_G08_r06c04",1
"20240925A_G08_r06c06",1
"20240925A_G09_r04c04",1
"20240925A_G09_r04c06",1
"20240925A_G09_r05c05",1
"20240925A_G09_r06c04",1
"20240925A_G09_r06c06",1
"20240925A_G10_r04c04",1
"20240925A_G10_r04c06",1
"20240925A_G10_r05c05",1
"20240925A_G10_r06c04",1
"20240925A_G10_r06c06",1
"20240925A_G11_r04c04",1
"20240925A_G11_r04c06",1
"20240925A_G11_r05c05",1
"20240925A_G11_r06c04",1
"20240925A_G11_r06c06",1
"20240925B_B02_r04c04",1
"20240925B_B02_r04c06",1
"20240925B_B02_r05c05",1
"20240925B_B02_r06c04",1
"20240925B_B02_r06c06",1
"20240925B_B03_r04c04",1
"20240925B_B03_r04c06",1
"20240925B_B03_r05c05",1
"20240925B_B03_r06c04",1
"20240925B_B03_r06c06",2
"20240925B_B04_r04c04",1
"20240925B_B04_r04c06",1
"20240925B_B04_r05c05",1
"20240925B_B04_r06c04",1
"20240925B_B04_r06c06",1
"20240925B_B05_r04c04",0
"20240925B_B05_r04c06",1
"20240925B_B05_r05c05",1
"20240925B_B05_r06c04",1
"20240925B_B05_r06c06",1
"20240925B_B06_r04c04",1
"20240925B_B06_r04c06",1
"20240925B_B06_r05c05",1
"20240925B_B06_r06c04",2
"20240925B_B06_r06c06",2
"20240925B_B07_r04c04",1
"20240925B_B07_r04c06",1
"20240925B_B07_r05c05",1
"20240925B_B07_r06c04",1
"20240925B_B07_r06c06",1
"20240925B_B08_r04c04",1
"20240925B_B08_r04c06",1
"20240925B_B08_r05c05",1
"20240925B_B08_r06c04",1
"20240925B_B08_r06c06",1
"20240925B_B09_r04c04",1
"20240925B_B09_r04c06",1
"20240925B_B09_r05c05",1
"20240925B_B09_r06c04",1
"20240925B_B09_r06c06",1
"20240925B_B10_r04c04",1
"20240925B_B10_r04c06",1
"20240925B_B10_r05c05",1
"20240925B_B10_r06c04",1
"20240925B_B10_r06c06",1
"20240925B_B11_r04c04",1
"20240925B_B11_r04c06",1
"20240925B_B11_r05c05",1
"20240925B_B11_r06c04",1
"20240925B_B11_r06c06",1
"20240925B_C02_r04c04",1
"20240925B_C02_r04c06",1
"20240925B_C02_r05c05",1
"20240925B_C02_r06c04",2
"20240925B_C02_r06c06",1
"20240925B_C03_r04c04",1
"20240925B_C03_r04c06",0
"20240925B_C03_r05c05",1
"20240925B_C03_r06c04",1
"20240925B_C03_r06c06",1
"20240925B_C04_r04c04",1
"20240925B_C04_r04c06",2
"20240925B_C04_r05c05",1
"20240925B_C04_r06c04",1
"20240925B_C04_r06c06",0
"20240925B_C05_r04c04",1
"20240925B_C05_r04c06",1
"20240925B_C05_r05c05",1
"20240925B_C05_r06c04",1
"20240925B_C05_r06c06",1
"20240925B_C06_r04c04",1
"20240925B_C06_r04c06",1
"20240925B_C06_r05c05",1
"20240925B_C06_r06c04",1
"20240925B_C06_r06c06",1
"20240925B_C07_r04c04",1
"20240925B_C07_r04c06",1
"20240925B_C07_r05c05",1
"20240925B_C07_r06c04",1
"20240925B_C07_r06c06",1
"20240925B_C08_r04c04",1
"20240925B_C08_r04c06",1
"20240925B_C08_r05c05",1
"20240925B_C08_r06c04",1
"20240925B_C08_r06c06",1
"20240925B_C09_r04c04",1
"20240925B_C09_r04c06",1
"20240925B_C09_r05c05",1
"20240925B_C09_r06c04",1
"20240925B_C09_r06c06",1
"20240925B_C10_r04c04",1
"20240925B_C10_r04c06",1
"20240925B_C10_r05c05",1
"20240925B_C10_r06c04",1
"20240925B_C10_r06c06",1
"20240925B_C11_r04c04",1
"20240925B_C11_r04c06",1
"20240925B_C11_r05c05",1
"20240925B_C11_r06c04",1
"20240925B_C11_r06c06",1
"20240925B_D02_r04c04",0
"20240925B_D02_r04c06",0
"20240925B_D02_r05c05",0
"20240925B_D02_r06c04",0
"20240925B_D02_r06c06",0
"20240925B_D03_r04c04",0
"20240925B_D03_r04c06",0
"20240925B_D03_r05c05",0
"20240925B_D03_r06c04",0
"20240925B_D03_r06c06",0
"20240925B_D04_r04c04",1
"20240925B_D04_r04c06",1
"20240925B_D04_r05c05",1
"20240925B_D04_r06c04",2
"20240925B_D04_r06c06",2
"20240925B_D05_r04c04",1
"20240925B_D05_r04c06",1
"20240925B_D05_r05c05",1
"20240925B_D05_r06c04",1
"20240925B_D05_r06c06",1
"20240925B_D06_r04c04",1
"20240925B_D06_r04c06",1
"20240925B_D06_r05c05",1
"20240925B_D06_r06c04",1
"20240925B_D06_r06c06",1
"20240925B_D07_r04c04",1
"20240925B_D07_r04c06",1
"20240925B_D07_r05c05",1
"20240925B_D07_r06c04",1
"20240925B_D07_r06c06",1
"20240925B_D08_r04c04",1
"20240925B_D08_r04c06",1
"20240925B_D08_r05c05",1
"20240925B_D08_r06c04",1
"20240925B_D08_r06c06",1
"20240925B_D09_r04c04",1
"20240925B_D09_r04c06",2
"20240925B_D09_r05c05",1
"20240925B_D09_r06c04",1
"20240925B_D09_r06c06",1
"20240925B_D10_r04c04",1
"20240925B_D10_r04c06",1
"20240925B_D10_r05c05",1
"20240925B_D10_r06c04",1
"20240925B_D10_r06c06",1
"20240925B_D11_r04c04",1
"20240925B_D11_r04c06",1
"20240925B_D11_r05c05",1
"20240925B_D11_r06c04",1
"20240925B_D11_r06c06",1
"20240925B_E02_r04c04",1
"20240925B_E02_r04c06",1
"20240925B_E02_r05c05",1
"20240925B_E02_r06c04",1
"20240925B_E02_r06c06",1
"20240925B_E03_r04c04",1
"20240925B_E03_r04c06",1
"20240925B_E03_r05c05",1
"20240925B_E03_r06c04",2
"20240925B_E03_r06c06",1
"20240925B_E04_r04c04",1
"20240925B_E04_r04c06",1
"20240925B_E04_r05c05",1
"20240925B_E04_r06c04",1
"20240925B_E04_r06c06",2
"20240925B_E05_r04c04",1
"20240925B_E05_r04c06",1
"20240925B_E05_r05c05",1
"20240925B_E05_r06c04",1
"20240925B_E05_r06c06",1
"20240925B_E06_r04c04",1
"20240925B_E06_r04c06",1
"20240925B_E06_r05c05",1
"20240925B_E06_r06c04",1
"20240925B_E06_r06c06",1
"20240925B_E07_r04c04",1
"20240925B_E07_r04c06",1
"20240925B_E07_r05c05",1
"20240925B_E07_r06c04",1
"20240925B_E07_r06c06",1
"20240925B_E08_r04c04",1
"20240925B_E08_r04c06",1
"20240925B_E08_r05c05",1
"20240925B_E08_r06c04",1
"20240925B_E08_r06c06",1
"20240925B_E09_r04c04",1
"20240925B_E09_r04c06",1
"20240925B_E09_r05c05",1
"20240925B_E09_r06c04",1
"20240925B_E09_r06c06",1
"20240925B_E10_r04c04",2
"20240925B_E10_r04c06",2
"20240925B_E10_r05c05",2
"20240925B_E10_r06c04",2
"20240925B_E10_r06c06",2
"20240925B_E11_r04c04",1
"20240925B_E11_r04c06",1
"20240925B_E11_r05c05",1
"20240925B_E11_r06c04",1
"20240925B_E11_r06c06",1
"20240925B_F02_r04c04",1
"20240925B_F02_r04c06",1
"20240925B_F02_r05c05",0
"20240925B_F02_r06c04",2
"20240925B_F02_r06c06",2
"20240925B_F03_r04c04",1
"20240925B_F03_r04c06",1
"20240925B_F03_r05c05",1
"20240925B_F03_r06c04",1
"20240925B_F03_r06c06",1
"20240925B_F04_r04c04",2
"20240925B_F04_r04c06",1
"20240925B_F04_r05c05",1
"20240925B_F04_r06c04",2
"20240925B_F04_r06c06",1
"20240925B_F05_r04c04",2
"20240925B_F05_r04c06",1
"20240925B_F05_r05c05",1
"20240925B_F05_r06c04",1
"20240925B_F05_r06c06",1
"20240925B_F06_r04c04",1
"20240925B_F06_r04c06",1
"20240925B_F06_r05c05",1
"20240925B_F06_r06c04",1
"20240925B_F06_r06c06",1
"20240925B_F07_r04c04",1
"20240925B_F07_r04c06",1
"20240925B_F07_r05c05",1
"20240925B_F07_r06c04",1
"20240925B_F07_r06c06",1
"20240925B_F08_r04c04",1
"20240925B_F08_r04c06",1
"20240925B_F08_r05c05",1
"20240925B_F08_r06c04",1
"20240925B_F08_r06c06",1
"20240925B_F09_r04c04",2
"20240925B_F09_r04c06",1
"20240925B_F09_r05c05",1
"20240925B_F09_r06c04",1
"20240925B_F09_r06c06",1
"20240925B_F10_r04c04",2
"20240925B_F10_r04c06",2
"20240925B_F10_r05c05",2
"20240925B_F10_r06c04",2
"20240925B_F10_r06c06",2
"20240925B_F11_r04c04",1
"20240925B_F11_r04c06",1
"20240925B_F11_r05c05",1
"20240925B_F11_r06c04",1
"20240925B_F11_r06c06",1
"20240925B_G02_r04c04",0
"20240925B_G02_r04c06",0
"20240925B_G02_r05c05",1
"20240925B_G02_r06c04",1
"20240925B_G02_r06c06",1
"20240925B_G03_r04c04",0
"20240925B_G03_r04c06",0
"20240925B_G03_r05c05",1
"20240925B_G03_r06c04",0
"20240925B_G03_r06c06",0
"20240925B_G04_r04c04",2
"20240925B_G04_r04c06",2
"20240925B_G04_r05c05",1
"20240925B_G04_r06c04",1
"20240925B_G04_r06c06",0
"20240925B_G05_r04c04",1
"20240925B_G05_r04c06",1
"20240925B_G05_r05c05",1
"20240925B_G05_r06c04",1
"20240925B_G05_r06c06",1
"20240925B_G06_r04c04",1
"20240925B_G06_r04c06",1
"20240925B_G06_r05c05",1
"20240925B_G06_r06c04",1
"20240925B_G06_r06c06",1
"20240925B_G07_r04c04",1
"20240925B_G07_r04c06",1
"20240925B_G07_r05c05",1
"20240925B_G07_r06c04",1
"20240925B_G07_r06c06",1
"20240925B_G08_r04c04",1
"20240925B_G08_r04c06",1
"20240925B_G08_r05c05",1
"20240925B_G08_r06c04",1
"20240925B_G08_r06c06",1
"20240925B_G09_r04c04",1
"20240925B_G09_r04c06",1
"20240925B_G09_r05c05",1
"20240925B_G09_r06c04",1
"20240925B_G09_r06c06",1
"20240925B_G10_r04c04",1
"20240925B_G10_r04c06",1
"20240925B_G10_r05c05",2
"20240925B_G10_r06c04",2
"20240925B_G10_r06c06",1
"20240925B_G11_r04c04",1
"20240925B_G11_r04c06",1
"20240925B_G11_r05c05",1
"20240925B_G11_r06c04",1
"20240925B_G11_r06c06",2
"20241001_B02_r04c04",1
"20241001_B02_r04c06",1
"20241001_B02_r05c05",1
"20241001_B02_r06c04",2
"20241001_B02_r06c06",1
"20241001_B03_r04c04",1
"20241001_B03_r04c06",1
"20241001_B03_r05c05",2
"20241001_B03_r06c04",1
"20241001_B03_r06c06",1
"20241001_B04_r04c04",1
"20241001_B04_r04c06",1
"20241001_B04_r05c05",1
"20241001_B04_r06c04",1
"20241001_B04_r06c06",1
"20241001_B05_r04c04",0
"20241001_B05_r04c06",0
"20241001_B05_r05c05",0
"20241001_B05_r06c04",0
"20241001_B05_r06c06",0
"20241001_B06_r04c04",1
"20241001_B06_r04c06",1
"20241001_B06_r05c05",1
"20241001_B06_r06c04",1
"20241001_B06_r06c06",1
"20241001_B07_r04c04",1
"20241001_B07_r04c06",1
"20241001_B07_r05c05",1
"20241001_B07_r06c04",1
"20241001_B07_r06c06",1
"20241001_B08_r04c04",1
"20241001_B08_r04c06",1
"20241001_B08_r05c05",1
"20241001_B08_r06c04",1
"20241001_B08_r06c06",1
"20241001_B09_r04c04",0
"20241001_B09_r04c06",0
"20241001_B09_r05c05",0
"20241001_B09_r06c04",0
"20241001_B09_r06c06",0
"20241001_B10_r04c04",1
"20241001_B10_r04c06",0
"20241001_B10_r05c05",0
"20241001_B10_r06c04",2
"20241001_B10_r06c06",0
"20241001_B11_r04c04",1
"20241001_B11_r04c06",1
"20241001_B11_r05c05",1
"20241001_B11_r06c04",1
"20241001_B11_r06c06",1
"20241001_C02_r04c04",0
"20241001_C02_r04c06",0
"20241001_C02_r05c05",0
"20241001_C02_r06c04",0
"20241001_C02_r06c06",0
"20241001_C03_r04c04",1
"20241001_C03_r04c06",1
"20241001_C03_r05c05",1
"20241001_C03_r06c04",1
"20241001_C03_r06c06",2
"20241001_C04_r04c04",1
"20241001_C04_r04c06",1
"20241001_C04_r05c05",1
"20241001_C04_r06c04",1
"20241001_C04_r06c06",1
"20241001_C05_r04c04",0
"20241001_C05_r04c06",1
"20241001_C05_r05c05",0
"20241001_C05_r06c04",1
"20241001_C05_r06c06",0
"20241001_C06_r04c04",1
"20241001_C06_r04c06",1
"20241001_C06_r05c05",1
"20241001_C06_r06c04",1
"20241001_C06_r06c06",1
"20241001_C07_r04c04",1
"20241001_C07_r04c06",1
"20241001_C07_r05c05",1
"20241001_C07_r06c04",1
"20241001_C07_r06c06",1
"20241001_C08_r04c04",1
"20241001_C08_r04c06",1
"20241001_C08_r05c05",1
"20241001_C08_r06c04",1
"20241001_C08_r06c06",1
"20241001_C09_r04c04",1
"20241001_C09_r04c06",1
"20241001_C09_r05c05",1
"20241001_C09_r06c04",1
"20241001_C09_r06c06",1
"20241001_C10_r04c04",1
"20241001_C10_r04c06",1
"20241001_C10_r05c05",1
"20241001_C10_r06c04",1
"20241001_C10_r06c06",2
"20241001_C11_r04c04",1
"20241001_C11_r04c06",1
"20241001_C11_r05c05",1
"20241001_C11_r06c04",1
"20241001_C11_r06c06",1
"20241001_D02_r04c04",1
"20241001_D02_r04c06",1
"20241001_D02_r05c05",1
"20241001_D02_r06c04",1
"20241001_D02_r06c06",1
"20241001_D03_r04c04",2
"20241001_D03_r04c06",2
"20241001_D03_r05c05",2
"20241001_D03_r06c04",2
"20241001_D03_r06c06",2
"20241001_D04_r04c04",1
"20241001_D04_r04c06",1
"20241001_D04_r05c05",1
"20241001_D04_r06c04",1
"20241001_D04_r06c06",1
"20241001_D05_r04c04",1
"20241001_D05_r04c06",1
"20241001_D05_r05c05",1
"20241001_D05_r06c04",1
"20241001_D05_r06c06",1
"20241001_D06_r04c04",1
"20241001_D06_r04c06",1
"20241001_D06_r05c05",1
"20241001_D06_r06c04",1
"20241001_D06_r06c06",1
"20241001_D07_r04c04",1
"20241001_D07_r04c06",1
"20241001_D07_r05c05",1
"20241001_D07_r06c04",1
"20241001_D07_r06c06",1
"20241001_D08_r04c04",1
"20241001_D08_r04c06",1
"20241001_D08_r05c05",1
"20241001_D08_r06c04",1
"20241001_D08_r06c06",1
"20241001_D09_r04c04",1
"20241001_D09_r04c06",1
"20241001_D09_r05c05",1
"20241001_D09_r06c04",1
"20241001_D09_r06c06",1
"20241001_D10_r04c04",1
"20241001_D10_r04c06",1
"20241001_D10_r05c05",1
"20241001_D10_r06c04",1
"20241001_D10_r06c06",2
"20241001_D11_r04c04",1
"20241001_D11_r04c06",1
"20241001_D11_r05c05",1
"20241001_D11_r06c04",1
"20241001_D11_r06c06",1
"20241001_E02_r04c04",1
"20241001_E02_r04c06",1
"20241001_E02_r05c05",1
"20241001_E02_r06c04",1
"20241001_E02_r06c06",1
"20241001_E03_r04c04",1
"20241001_E03_r04c06",2
"20241001_E03_r05c05",2
"20241001_E03_r06c04",1
"20241001_E03_r06c06",2
"20241001_E04_r04c04",0
"20241001_E04_r04c06",0
"20241001_E04_r05c05",0
"20241001_E04_r06c04",2
"20241001_E04_r06c06",2
"20241001_E05_r04c04",1
"20241001_E05_r04c06",1
"20241001_E05_r05c05",1
"20241001_E05_r06c04",1
"20241001_E05_r06c06",1
"20241001_E06_r04c04",1
"20241001_E06_r04c06",1
"20241001_E06_r05c05",1
"20241001_E06_r06c04",1
"20241001_E06_r06c06",1
"20241001_E07_r04c04",1
"20241001_E07_r04c06",1
"20241001_E07_r05c05",1
"20241001_E07_r06c04",1
"20241001_E07_r06c06",1
"20241001_E08_r04c04",1
"20241001_E08_r04c06",1
"20241001_E08_r05c05",1
"20241001_E08_r06c04",1
"20241001_E08_r06c06",1
"20241001_E09_r04c04",1
"20241001_E09_r04c06",1
"20241001_E09_r05c05",1
"20241001_E09_r06c04",1
"20241001_E09_r06c06",1
"20241001_E10_r04c04",1
"20241001_E10_r04c06",1
"20241001_E10_r05c05",1
"20241001_E10_r06c04",1
"20241001_E10_r06c06",1
"20241001_E11_r04c04",1
"20241001_E11_r04c06",1
"20241001_E11_r05c05",1
"20241001_E11_r06c04",1
"20241001_E11_r06c06",1
"20241001_F02_r04c04",1
"20241001_F02_r04c06",1
"20241001_F02_r05c05",1
"20241001_F02_r06c04",1
"20241001_F02_r06c06",1
"20241001_F03_r04c04",2
"20241001_F03_r04c06",2
"20241001_F03_r05c05",2
"20241001_F03_r06c04",2
"20241001_F03_r06c06",2
"20241001_F04_r04c04",1
"20241001_F04_r04c06",1
"20241001_F04_r05c05",1
"20241001_F04_r06c04",1
"20241001_F04_r06c06",1
"20241001_F05_r04c04",1
"20241001_F05_r04c06",1
"20241001_F05_r05c05",1
"20241001_F05_r06c04",1
"20241001_F05_r06c06",1
"20241001_F06_r04c04",1
"20241001_F06_r04c06",1
"20241001_F06_r05c05",1
"20241001_F06_r06c04",1
"20241001_F06_r06c06",1
"20241001_F07_r04c04",1
"20241001_F07_r04c06",1
"20241001_F07_r05c05",1
"20241001_F07_r06c04",1
"20241001_F07_r06c06",1
"20241001_F08_r04c04",1
"20241001_F08_r04c06",1
"20241001_F08_r05c05",1
"20241001_F08_r06c04",1
"20241001_F08_r06c06",1
"20241001_F09_r04c04",1
"20241001_F09_r04c06",1
"20241001_F09_r05c05",1
"20241001_F09_r06c04",1
"20241001_F09_r06c06",1
"20241001_F10_r04c04",1
"20241001_F10_r04c06",2
"20241001_F10_r05c05",2
"20241001_F10_r06c04",2
"20241001_F10_r06c06",2
"20241001_F11_r04c04",1
"20241001_F11_r04c06",1
"20241001_F11_r05c05",1
"20241001_F11_r06c04",1
"20241001_F11_r06c06",1
"20241001_G02_r04c04",1
"20241001_G02_r04c06",1
"20241001_G02_r05c05",1
"20241001_G02_r06c04",1
"20241001_G02_r06c06",1
"20241001_G03_r04c04",2
"20241001_G03_r04c06",2
"20241001_G03_r05c05",2
"20241001_G03_r06c04",1
"20241001_G03_r06c06",2
"20241001_G04_r04c04",1
"20241001_G04_r04c06",1
"20241001_G04_r05c05",1
"20241001_G04_r06c04",1
"20241001_G04_r06c06",1
"20241001_G05_r04c04",1
"20241001_G05_r04c06",1
"20241001_G05_r05c05",1
"20241001_G05_r06c04",1
"20241001_G05_r06c06",1
"20241001_G06_r04c04",1
"20241001_G06_r04c06",1
"20241001_G06_r05c05",1
"20241001_G06_r06c04",1
"20241001_G06_r06c06",1
"20241001_G07_r04c04",1
"20241001_G07_r04c06",1
"20241001_G07_r05c05",1
"20241001_G07_r06c04",1
"20241001_G07_r06c06",1
"20241001_G08_r04c04",1
"20241001_G08_r04c06",1
"20241001_G08_r05c05",1
"20241001_G08_r06c04",1
"20241001_G08_r06c06",1
"20241001_G09_r04c04",1
"20241001_G09_r04c06",1
"20241001_G09_r05c05",1
"20241001_G09_r06c04",1
"20241001_G09_r06c06",1
"20241001_G10_r04c04",2
"20241001_G10_r04c06",2
"20241001_G10_r05c05",2
"20241001_G10_r06c04",2
"20241001_G10_r06c06",1
"20241001_G11_r04c04",1
"20241001_G11_r04c06",1
"20241001_G11_r05c05",1
"20241001_G11_r06c04",1
"20241001_G11_r06c06",1
