Microliter_Virus,1,2,3,4,5,6,7,8,9,10,11,12,13,14,15,16,17,18,19,20,21,22,23,24
A,,,,,,,,,,,,,,,,,,,,,,,,
B,,4.8,4.8,7.6,7.6,5.2,5.2,5.5,5.5,11.9,0,,,,,,,,,,,,,
C,,4.8,4.8,7.6,7.6,5.2,5.2,5.5,5.5,11.9,0,,,,,,,,,,,,,
D,,4.8,4.8,7.6,7.6,5.2,5.2,5.5,5.5,11.9,0,,,,,,,,,,,,,
E,,4.8,4.8,7.6,0,5.2,5.2,5.5,5.5,11.9,0,,,,,,,,,,,,,
F,,4.8,4.8,0,0,5.2,5.2,5.5,5.5,11.9,0,,,,,,,,,,,,,
G,,4.8,0,0,0,5.2,0,0,0,11.9,0,,,,,,,,,,,,,
H,,,,,,,,,,,,,,,,,,,,,,,,
I,,,,,,,,,,,,,,,,,,,,,,,,
J,,,,,,,,,,,,,,,,,,,,,,,,
K,,,,,,,,,,,,,,,,,,,,,,,,
L,,,,,,,,,,,,,,,,,,,,,,,,
M,,,,,,,,,,,,,,,,,,,,,,,,
N,,,,,,,,,,,,,,,,,,,,,,,,
O,,,,,,,,,,,,,,,,,,,,,,,,
P,,,,,,,,,,,,,,,,,,,,,,,,
,,,,,,,,,,,,,,,,,,,,,,,,
Virus,1,2,3,4,5,6,7,8,9,10,11,12,13,14,15,16,17,18,19,20,21,22,23,24
A,,,,,,,,,,,,,,,,,,,,,,,,
B,,TNNI1_WT,TNNI1_WT,TNNI3_WT,TNNI3_WT,TNNI3_R192H,TNNI3_R192H,TNNI3_K36Q,TNNI3_K36Q,GFP,Control,,,,,,,,,,,,,
C,,TNNI1_WT,TNNI1_WT,TNNI3_WT,TNNI3_WT,TNNI3_R192H,TNNI3_R192H,TNNI3_K36Q,TNNI3_K36Q,GFP,Control,,,,,,,,,,,,,
D,,TNNI1_WT,TNNI1_WT,TNNI3_WT,TNNI3_WT,TNNI3_R192H,TNNI3_R192H,TNNI3_K36Q,TNNI3_K36Q,GFP,Control,,,,,,,,,,,,,
E,,TNNI1_WT,TNNI1_WT,TNNI3_WT,Control,TNNI3_R192H,TNNI3_R192H,TNNI3_K36Q,TNNI3_K36Q,GFP,Control,,,,,,,,,,,,,
F,,TNNI1_WT,TNNI1_WT,Control,Control,TNNI3_R192H,TNNI3_R192H,TNNI3_K36Q,TNNI3_K36Q,GFP,Control,,,,,,,,,,,,,
G,,TNNI1_WT,Control,Control,Control,TNNI3_R192H,Control,Control,Control,GFP,Control,,,,,,,,,,,,,
H,,,,,,,,,,,,,,,,,,,,,,,,
I,,,,,,,,,,,,,,,,,,,,,,,,
J,,,,,,,,,,,,,,,,,,,,,,,,
K,,,,,,,,,,,,,,,,,,,,,,,,
L,,,,,,,,,,,,,,,,,,,,,,,,
M,,,,,,,,,,,,,,,,,,,,,,,,
N,,,,,,,,,,,,,,,,,,,,,,,,
O,,,,,,,,,,,,,,,,,,,,,,,,
P,,,,,,,,,,,,,,,,,,,,,,,,
,,,,,,,,,,,,,,,,,,,,,,,,
Cell_line,1,2,3,4,5,6,7,8,9,10,11,12,13,14,15,16,17,18,19,20,21,22,23,24
A,,,,,,,,,,,,,,,,,,,,,,,,
B,,15S1_TNNIdKO,15S1_TNNIdKO,15S1_TNNIdKO,15S1_TNNIdKO,15S1_TNNIdKO,15S1_TNNIdKO,15S1_TNNIdKO,15S1_TNNIdKO,15S1_TNNIdKO,15S1_TNNIdKO,,,,,,,,,,,,,
C,,15S1_TNNIdKO,15S1_TNNIdKO,15S1_TNNIdKO,15S1_TNNIdKO,15S1_TNNIdKO,15S1_TNNIdKO,15S1_TNNIdKO,15S1_TNNIdKO,15S1_TNNIdKO,15S1_TNNIdKO,,,,,,,,,,,,,
D,,15S1_TNNIdKO,15S1_TNNIdKO,15S1_TNNIdKO,15S1_TNNIdKO,15S1_TNNIdKO,15S1_TNNIdKO,15S1_TNNIdKO,15S1_TNNIdKO,15S1_TNNIdKO,15S1_TNNIdKO,,,,,,,,,,,,,
E,,15S1_TNNIdKO,15S1_TNNIdKO,15S1_TNNIdKO,15S1_TNNIdKO,15S1_TNNIdKO,15S1_TNNIdKO,15S1_TNNIdKO,15S1_TNNIdKO,15S1_TNNIdKO,15S1_TNNIdKO,,,,,,,,,,,,,
F,,15S1_TNNIdKO,15S1_TNNIdKO,15S1_TNNIdKO,15S1_TNNIdKO,15S1_TNNIdKO,15S1_TNNIdKO,15S1_TNNIdKO,15S1_TNNIdKO,15S1_TNNIdKO,15S1_TNNIdKO,,,,,,,,,,,,,
G,,15S1_TNNIdKO,15S1_TNNIdKO,15S1_TNNIdKO,15S1_TNNIdKO,15S1_TNNIdKO,15S1_TNNIdKO,15S1_TNNIdKO,15S1_TNNIdKO,15S1_TNNIdKO,15S1_TNNIdKO,,,,,,,,,,,,,
H,,,,,,,,,,,,,,,,,,,,,,,,
I,,,,,,,,,,,,,,,,,,,,,,,,
J,,,,,,,,,,,,,,,,,,,,,,,,
K,,,,,,,,,,,,,,,,,,,,,,,,
L,,,,,,,,,,,,,,,,,,,,,,,,
M,,,,,,,,,,,,,,,,,,,,,,,,
N,,,,,,,,,,,,,,,,,,,,,,,,
O,,,,,,,,,,,,,,,,,,,,,,,,
P,,,,,,,,,,,,,,,,,,,,,,,,
,,,,,,,,,,,,,,,,,,,,,,,,
QC,1,2,3,4,5,6,7,8,9,10,11,12,13,14,15,16,17,18,19,20,21,22,23,24
A,,,,,,,,,,,,,,,,,,,,,,,,
B,,T,T,T,T,T,T,T,T,T,T,,,,,,,,,,,,,
C,,T,T,T,T,T,T,T,T,T,T,,,,,,,,,,,,,
D,,T,T,T,T,T,T,T,T,T,T,,,,,,,,,,,,,
E,,T,T,T,T,T,T,T,T,T,T,,,,,,,,,,,,,
F,,T,T,T,T,T,T,T,T,T,T,,,,,,,,,,,,,
G,,T,T,T,T,T,T,T,T,T,T,,,,,,,,,,,,,
H,,,,,,,,,,,,,,,,,,,,,,,,
I,,,,,,,,,,,,,,,,,,,,,,,,
J,,,,,,,,,,,,,,,,,,,,,,,,
K,,,,,,,,,,,,,,,,,,,,,,,,
L,,,,,,,,,,,,,,,,,,,,,,,,
M,,,,,,,,,,,,,,,,,,,,,,,,
N,,,,,,,,,,,,,,,,,,,,,,,,
O,,,,,,,,,,,,,,,,,,,,,,,,
P,,,,,,,,,,,,,,,,,,,,,,,,