"Patient","Variant.Number","Age.of.onset","cluster.label","pw90_ratio","fall_ratio","proportion.valley.contractility","fall_rate.contractility","mean_rise_time.calcium"
1,9,19,"HCM_like_1",1.14598703512461,1.1532527887757,1.30067644979422,0.679588857707819,1.0413707165109
4,10,3.4,"HCM_like_3",1.18979512251826,1.29074796384496,2.28541488472902,0.14126002920939,1.03920873511061
5,8,0.5,"HCM_like_3",1.20746127636069,1.37513891754797,2.48806246343965,0.0256830716960946,1.16431038971261
6,7,2,"HCM_like_3",1.24237121381123,1.38638582845498,2.33763936313848,0.073385575279961,1.06215782899842
10,6,9,"HCM_like_1",1.09336771416174,1.10610834012816,1.72903140731852,0.529307123703205,1.28130925880122
11,5,5,"HCM_like_2",1.07973159459816,1.122481897901,2.22322763664107,0.262189009906322,1.28773618003421
12,10,3,"HCM_like_3",1.18979512251826,1.29074796384496,2.28541488472902,0.14126002920939,1.03920873511061
13,4,25,"HCM_like_3",1.18894917155347,1.30582009463487,2.41767246585338,0.0202706190015489,1.03958676170841
15,9,43,"HCM_like_1",1.14598703512461,1.1532527887757,1.30067644979422,0.679588857707819,1.0413707165109
16,5,18,"HCM_like_2",1.07973159459816,1.122481897901,2.22322763664107,0.262189009906322,1.28773618003421
17,3,64,"HCM_like_1",1.10349064418733,1.13425793919265,1.21109871300498,0.673849113805819,0.99202492211838
18,3,49,"HCM_like_1",1.10349064418733,1.13425793919265,1.21109871300498,0.673849113805819,0.99202492211838
20,2,26,"HCM_like_1",1.11682154125658,1.11073148644307,1.028378303772,0.804258130675043,1.08912974573984
21,1,38,"HCM_like_1",1.1564282623314,1.22916292392119,1.16896652379569,0.594372653404371,1.13839832960971
22,1,40,"HCM_like_1",1.1564282623314,1.22916292392119,1.16896652379569,0.594372653404371,1.13839832960971
